{
    "RPT": {
        "ScanTime": "0.04 sec.",
        "ScanFile": "20201210_al3d_91fb455e2478486d7025_20201215102257_scan.json",
        "Warnings": 0,
        "Success": 6
    },
    "SRV": {
        "PHP": {
            "websrv": true,
            "openbase": true,
            "maxtime": true,
            "mysqli": true,
            "version": true,
            "ALL": "Good"
        },
        "WP": {
            "version": true,
            "core": true,
            "ismu": false,
            "ALL": "Good"
        }
    },
    "ARC": {
        "Size": "0B",
        "DirCount": "0",
        "FileCount": "0",
        "FullCount": "0",
        "WarnFileCount": 0,
        "WarnDirCount": 0,
        "UnreadableDirCount": 0,
        "UnreadableFileCount": 0,
        "FilterDirsAll": [
            "\/Applications\/XAMPP\/xamppfiles\/htdocs\/al3d.co.uk\/.opcache",
            "\/Applications\/XAMPP\/xamppfiles\/htdocs\/al3d.co.uk\/wp-content\/ai1wm-backups",
            "\/Applications\/XAMPP\/xamppfiles\/htdocs\/al3d.co.uk\/wp-content\/backups-dup-lite",
            "\/Applications\/XAMPP\/xamppfiles\/htdocs\/al3d.co.uk\/wp-content\/backups-dup-pro",
            "\/Applications\/XAMPP\/xamppfiles\/htdocs\/al3d.co.uk\/wp-content\/backupwordpress",
            "\/Applications\/XAMPP\/xamppfiles\/htdocs\/al3d.co.uk\/wp-content\/bps-backup",
            "\/Applications\/XAMPP\/xamppfiles\/htdocs\/al3d.co.uk\/wp-content\/cache",
            "\/Applications\/XAMPP\/xamppfiles\/htdocs\/al3d.co.uk\/wp-content\/content\/cache",
            "\/Applications\/XAMPP\/xamppfiles\/htdocs\/al3d.co.uk\/wp-content\/contents\/cache",
            "\/Applications\/XAMPP\/xamppfiles\/htdocs\/al3d.co.uk\/wp-content\/infinitewp\/backups",
            "\/Applications\/XAMPP\/xamppfiles\/htdocs\/al3d.co.uk\/wp-content\/managewp\/backups",
            "\/Applications\/XAMPP\/xamppfiles\/htdocs\/al3d.co.uk\/wp-content\/old-cache",
            "\/Applications\/XAMPP\/xamppfiles\/htdocs\/al3d.co.uk\/wp-content\/plugins\/all-in-one-wp-migration\/storage",
            "\/Applications\/XAMPP\/xamppfiles\/htdocs\/al3d.co.uk\/wp-content\/updraft",
            "\/Applications\/XAMPP\/xamppfiles\/htdocs\/al3d.co.uk\/wp-content\/uploads\/aiowps_backups",
            "\/Applications\/XAMPP\/xamppfiles\/htdocs\/al3d.co.uk\/wp-content\/uploads\/backupbuddy_backups",
            "\/Applications\/XAMPP\/xamppfiles\/htdocs\/al3d.co.uk\/wp-content\/uploads\/backupbuddy_temp",
            "\/Applications\/XAMPP\/xamppfiles\/htdocs\/al3d.co.uk\/wp-content\/uploads\/ithemes-security\/backups",
            "\/Applications\/XAMPP\/xamppfiles\/htdocs\/al3d.co.uk\/wp-content\/uploads\/mainwp\/backup",
            "\/Applications\/XAMPP\/xamppfiles\/htdocs\/al3d.co.uk\/wp-content\/uploads\/pb_backupbuddy",
            "\/Applications\/XAMPP\/xamppfiles\/htdocs\/al3d.co.uk\/wp-content\/uploads\/snapshots",
            "\/Applications\/XAMPP\/xamppfiles\/htdocs\/al3d.co.uk\/wp-content\/uploads\/sucuri",
            "\/Applications\/XAMPP\/xamppfiles\/htdocs\/al3d.co.uk\/wp-content\/uploads\/wp-clone",
            "\/Applications\/XAMPP\/xamppfiles\/htdocs\/al3d.co.uk\/wp-content\/uploads\/wp_all_backup",
            "\/Applications\/XAMPP\/xamppfiles\/htdocs\/al3d.co.uk\/wp-content\/uploads\/wpbackitup_backups",
            "\/Applications\/XAMPP\/xamppfiles\/htdocs\/al3d.co.uk\/wp-content\/wfcache",
            "\/Applications\/XAMPP\/xamppfiles\/htdocs\/al3d.co.uk\/wp-content\/wishlist-backup",
            "\/Applications\/XAMPP\/xamppfiles\/htdocs\/al3d.co.uk\/wp-snapshots"
        ],
        "FilterFilesAll": [
            "error_log",
            "error.log",
            "debug_log",
            "ws_ftp.log",
            "dbcache",
            "pgcache",
            "objectcache",
            ".DS_Store",
            "\/Applications\/XAMPP\/xamppfiles\/htdocs\/al3d.co.uk\/.htaccess",
            "\/Applications\/XAMPP\/xamppfiles\/htdocs\/al3d.co.uk\/web.config",
            "\/Applications\/XAMPP\/xamppfiles\/htdocs\/al3d.co.uk\/wp-config.php"
        ],
        "FilterExtsAll": [],
        "FilterInfo": {
            "Dirs": {
                "Warning": [],
                "Unreadable": [],
                "Core": [
                    "\/Applications\/XAMPP\/xamppfiles\/htdocs\/al3d.co.uk\/wp-snapshots",
                    "\/Applications\/XAMPP\/xamppfiles\/htdocs\/al3d.co.uk\/wp-content\/backups-dup-lite",
                    "\/Applications\/XAMPP\/xamppfiles\/htdocs\/al3d.co.uk\/.opcache",
                    "\/Applications\/XAMPP\/xamppfiles\/htdocs\/al3d.co.uk\/wp-content\/backups-dup-pro",
                    "\/Applications\/XAMPP\/xamppfiles\/htdocs\/al3d.co.uk\/wp-content\/ai1wm-backups",
                    "\/Applications\/XAMPP\/xamppfiles\/htdocs\/al3d.co.uk\/wp-content\/backupwordpress",
                    "\/Applications\/XAMPP\/xamppfiles\/htdocs\/al3d.co.uk\/wp-content\/content\/cache",
                    "\/Applications\/XAMPP\/xamppfiles\/htdocs\/al3d.co.uk\/wp-content\/contents\/cache",
                    "\/Applications\/XAMPP\/xamppfiles\/htdocs\/al3d.co.uk\/wp-content\/infinitewp\/backups",
                    "\/Applications\/XAMPP\/xamppfiles\/htdocs\/al3d.co.uk\/wp-content\/managewp\/backups",
                    "\/Applications\/XAMPP\/xamppfiles\/htdocs\/al3d.co.uk\/wp-content\/old-cache",
                    "\/Applications\/XAMPP\/xamppfiles\/htdocs\/al3d.co.uk\/wp-content\/plugins\/all-in-one-wp-migration\/storage",
                    "\/Applications\/XAMPP\/xamppfiles\/htdocs\/al3d.co.uk\/wp-content\/updraft",
                    "\/Applications\/XAMPP\/xamppfiles\/htdocs\/al3d.co.uk\/wp-content\/wishlist-backup",
                    "\/Applications\/XAMPP\/xamppfiles\/htdocs\/al3d.co.uk\/wp-content\/wfcache",
                    "\/Applications\/XAMPP\/xamppfiles\/htdocs\/al3d.co.uk\/wp-content\/bps-backup",
                    "\/Applications\/XAMPP\/xamppfiles\/htdocs\/al3d.co.uk\/wp-content\/cache",
                    "\/Applications\/XAMPP\/xamppfiles\/htdocs\/al3d.co.uk\/wp-content\/uploads\/aiowps_backups",
                    "\/Applications\/XAMPP\/xamppfiles\/htdocs\/al3d.co.uk\/wp-content\/uploads\/backupbuddy_temp",
                    "\/Applications\/XAMPP\/xamppfiles\/htdocs\/al3d.co.uk\/wp-content\/uploads\/backupbuddy_backups",
                    "\/Applications\/XAMPP\/xamppfiles\/htdocs\/al3d.co.uk\/wp-content\/uploads\/ithemes-security\/backups",
                    "\/Applications\/XAMPP\/xamppfiles\/htdocs\/al3d.co.uk\/wp-content\/uploads\/mainwp\/backup",
                    "\/Applications\/XAMPP\/xamppfiles\/htdocs\/al3d.co.uk\/wp-content\/uploads\/pb_backupbuddy",
                    "\/Applications\/XAMPP\/xamppfiles\/htdocs\/al3d.co.uk\/wp-content\/uploads\/snapshots",
                    "\/Applications\/XAMPP\/xamppfiles\/htdocs\/al3d.co.uk\/wp-content\/uploads\/sucuri",
                    "\/Applications\/XAMPP\/xamppfiles\/htdocs\/al3d.co.uk\/wp-content\/uploads\/wp-clone",
                    "\/Applications\/XAMPP\/xamppfiles\/htdocs\/al3d.co.uk\/wp-content\/uploads\/wp_all_backup",
                    "\/Applications\/XAMPP\/xamppfiles\/htdocs\/al3d.co.uk\/wp-content\/uploads\/wpbackitup_backups"
                ],
                "Global": [],
                "Instance": []
            },
            "Files": {
                "Size": [],
                "Warning": [],
                "Unreadable": [],
                "Core": [],
                "Global": [
                    "error_log",
                    "error.log",
                    "debug_log",
                    "ws_ftp.log",
                    "dbcache",
                    "pgcache",
                    "objectcache",
                    ".DS_Store"
                ],
                "Instance": []
            },
            "Exts": {
                "Core": [],
                "Global": [],
                "Instance": []
            },
            "UDirCount": 0,
            "UFileCount": 0,
            "UExtCount": 0,
            "TreeSize": [],
            "TreeWarning": []
        },
        "RecursiveLinks": [],
        "UnreadableItems": [],
        "Status": {
            "Size": "Good",
            "Names": "Good",
            "UnreadableItems": "Good",
            "MigratePackage": "Good",
            "CanbeMigratePackage": true,
            "showCreateProcStatus": "Good",
            "showCreateProc": true,
            "AddonSites": "Good"
        },
        "Dirs": [],
        "Files": []
    },
    "DB": {
        "Status": {
            "Success": true,
            "DB_Case": "Good",
            "DB_Rows": "Good",
            "DB_Size": "Good",
            "TBL_Case": "Good",
            "TBL_Rows": "Good",
            "TBL_Size": "Good"
        },
        "Size": "9.77MB",
        "Rows": "3,383",
        "TableCount": 42,
        "TableList": {
            "wp_actionscheduler_actions": {
                "Case": 0,
                "Rows": "9",
                "Size": "128KB",
                "USize": 131072
            },
            "wp_actionscheduler_claims": {
                "Case": 0,
                "Rows": "0",
                "Size": "32KB",
                "USize": 32768
            },
            "wp_actionscheduler_groups": {
                "Case": 0,
                "Rows": "2",
                "Size": "32KB",
                "USize": 32768
            },
            "wp_actionscheduler_logs": {
                "Case": 0,
                "Rows": "18",
                "Size": "48KB",
                "USize": 49152
            },
            "wp_commentmeta": {
                "Case": 0,
                "Rows": "0",
                "Size": "48KB",
                "USize": 49152
            },
            "wp_comments": {
                "Case": 0,
                "Rows": "0",
                "Size": "96KB",
                "USize": 98304
            },
            "wp_duplicator_packages": {
                "Case": 0,
                "Rows": "0",
                "Size": "32KB",
                "USize": 32768
            },
            "wp_eg_grids": {
                "Case": 0,
                "Rows": "4",
                "Size": "80KB",
                "USize": 81920
            },
            "wp_eg_item_elements": {
                "Case": 0,
                "Rows": "0",
                "Size": "32KB",
                "USize": 32768
            },
            "wp_eg_item_skins": {
                "Case": 0,
                "Rows": "39",
                "Size": "1.55MB",
                "USize": 1622016
            },
            "wp_eg_navigation_skins": {
                "Case": 0,
                "Rows": "15",
                "Size": "144KB",
                "USize": 147456
            },
            "wp_hugeit_maps_circles": {
                "Case": 0,
                "Rows": "0",
                "Size": "16KB",
                "USize": 16384
            },
            "wp_hugeit_maps_directions": {
                "Case": 0,
                "Rows": "0",
                "Size": "16KB",
                "USize": 16384
            },
            "wp_hugeit_maps_maps": {
                "Case": 0,
                "Rows": "0",
                "Size": "16KB",
                "USize": 16384
            },
            "wp_hugeit_maps_markers": {
                "Case": 0,
                "Rows": "0",
                "Size": "16KB",
                "USize": 16384
            },
            "wp_hugeit_maps_polygons": {
                "Case": 0,
                "Rows": "0",
                "Size": "16KB",
                "USize": 16384
            },
            "wp_hugeit_maps_polylines": {
                "Case": 0,
                "Rows": "0",
                "Size": "16KB",
                "USize": 16384
            },
            "wp_hugeit_maps_stores": {
                "Case": 0,
                "Rows": "0",
                "Size": "16KB",
                "USize": 16384
            },
            "wp_links": {
                "Case": 0,
                "Rows": "0",
                "Size": "32KB",
                "USize": 32768
            },
            "wp_litespeed_img_optm": {
                "Case": 0,
                "Rows": "0",
                "Size": "1KB",
                "USize": 1024
            },
            "wp_options": {
                "Case": 0,
                "Rows": "499",
                "Size": "2.47MB",
                "USize": 2588672
            },
            "wp_postmeta": {
                "Case": 0,
                "Rows": "1,886",
                "Size": "496KB",
                "USize": 507904
            },
            "wp_posts": {
                "Case": 0,
                "Rows": "390",
                "Size": "1.58MB",
                "USize": 1654784
            },
            "wp_revslider_css": {
                "Case": 0,
                "Rows": "109",
                "Size": "128KB",
                "USize": 131072
            },
            "wp_revslider_css_bkp": {
                "Case": 0,
                "Rows": "109",
                "Size": "128KB",
                "USize": 131072
            },
            "wp_revslider_layer_animations": {
                "Case": 0,
                "Rows": "0",
                "Size": "16KB",
                "USize": 16384
            },
            "wp_revslider_layer_animations_bkp": {
                "Case": 0,
                "Rows": "0",
                "Size": "16KB",
                "USize": 16384
            },
            "wp_revslider_navigations": {
                "Case": 0,
                "Rows": "0",
                "Size": "16KB",
                "USize": 16384
            },
            "wp_revslider_navigations_bkp": {
                "Case": 0,
                "Rows": "0",
                "Size": "16KB",
                "USize": 16384
            },
            "wp_revslider_sliders": {
                "Case": 0,
                "Rows": "5",
                "Size": "112KB",
                "USize": 114688
            },
            "wp_revslider_sliders_bkp": {
                "Case": 0,
                "Rows": "5",
                "Size": "128KB",
                "USize": 131072
            },
            "wp_revslider_slides": {
                "Case": 0,
                "Rows": "13",
                "Size": "512KB",
                "USize": 524288
            },
            "wp_revslider_slides_bkp": {
                "Case": 0,
                "Rows": "10",
                "Size": "1.52MB",
                "USize": 1589248
            },
            "wp_revslider_static_slides": {
                "Case": 0,
                "Rows": "3",
                "Size": "16KB",
                "USize": 16384
            },
            "wp_revslider_static_slides_bkp": {
                "Case": 0,
                "Rows": "2",
                "Size": "16KB",
                "USize": 16384
            },
            "wp_term_relationships": {
                "Case": 0,
                "Rows": "123",
                "Size": "32KB",
                "USize": 32768
            },
            "wp_term_taxonomy": {
                "Case": 0,
                "Rows": "35",
                "Size": "48KB",
                "USize": 49152
            },
            "wp_termmeta": {
                "Case": 0,
                "Rows": "0",
                "Size": "48KB",
                "USize": 49152
            },
            "wp_terms": {
                "Case": 0,
                "Rows": "35",
                "Size": "48KB",
                "USize": 49152
            },
            "wp_usermeta": {
                "Case": 0,
                "Rows": "66",
                "Size": "48KB",
                "USize": 49152
            },
            "wp_users": {
                "Case": 0,
                "Rows": "3",
                "Size": "64KB",
                "USize": 65536
            },
            "wp_wpmailsmtp_tasks_meta": {
                "Case": 0,
                "Rows": "3",
                "Size": "16KB",
                "USize": 16384
            }
        },
        "RawSize": 10241024
    },
    "LL": {
        "TotalSize": "9.77MB",
        "Status": {
            "TotalSize": "Good"
        }
    }
}